d3fend_id,d3fend_name,d3fend_tactic,description,digital_artifacts,counters_attack_ids,url,matrix
D3-AA,Agent Authentication,,Agent authentication is the process of verifying the identities of agents to ensure they are authorized and trustworthy participants within a system.,Harden,,https://d3fend.mitre.org/technique/d3f:AgentAuthentication/,d3fend
D3-ABPI,Application-based Process Isolation,,Application code which prevents its own subroutines from accessing intra-process / internal memory space.,,,https://d3fend.mitre.org/technique/d3f:Application-basedProcessIsolation/,d3fend
D3-ACA,Active Certificate Analysis,,Actively collecting PKI certificates by connecting to the server and downloading its server certificates for analysis.,,,https://d3fend.mitre.org/technique/d3f:ActiveCertificateAnalysis/,d3fend
D3-ACH,Application Configuration Hardening,,Modifying an application's configuration to reduce its attack surface.,,,https://d3fend.mitre.org/technique/d3f:ApplicationConfigurationHardening/,d3fend
D3-AEM,Application Exception Monitoring,,Monitoring the failures of system counters and timers.,,,https://d3fend.mitre.org/technique/d3f:ApplicationExceptionMonitoring/,d3fend
D3-AH,Application Hardening,,Application Hardening makes an executable application more resilient to a class of exploits which either introduce new code or execute unwanted existing code. These techniques may be applied at compile-time or on an application binary.,Harden,,https://d3fend.mitre.org/technique/d3f:ApplicationHardening/,d3fend
D3-AI,Asset Inventory,,Asset inventorying identifies and records the organization's assets and enriches each inventory item with knowledge about their vulnerabilities.,Model,,https://d3fend.mitre.org/technique/d3f:AssetInventory/,d3fend
D3-AL,Account Locking,,The process of temporarily disabling user accounts on a system or domain.,,,https://d3fend.mitre.org/technique/d3f:AccountLocking/,d3fend
D3-ALLM,Active Logical Link Mapping,,"Active logical link mapping sends and receives network traffic as a means to map the whole data link layer, where the links represent logical data flows rather than physical connection",,,https://d3fend.mitre.org/technique/d3f:ActiveLogicalLinkMapping/,d3fend
D3-AM,Access Modeling,,"Access modeling captures and records the access permissions granted to identities (e.g., administrators, users, groups, systems) and optionally includes details on how these identities are stored, managed, and shared across systems.",,,https://d3fend.mitre.org/technique/d3f:AccessModeling/,d3fend
D3-AMED,Access Mediation,,"Access mediation is the process of granting or denying specific requests to: 1) obtain and use information and related information processing services; and 2) enter specific physical facilities (e.g., Federal buildings, military establishments, border crossing entrances). Access mediation decisions should enforce least privilege by granting access for scoped durations to prevent privilege creep and, where applicable, implement just-in-time (JIT) access. Denial decisions may prevent initial access or terminate access that has already been granted, ensuring continuous enforcement of security policies.",Isolate,,https://d3fend.mitre.org/technique/d3f:AccessMediation/,d3fend
D3-ANAA,Administrative Network Activity Analysis,,Detection of unauthorized use of administrative network protocols by analyzing network activity against a baseline.,IntranetAdministrativeNetworkTraffic,,https://d3fend.mitre.org/technique/d3f:AdministrativeNetworkActivityAnalysis/,d3fend
D3-ANCI,Authentication Cache Invalidation,,Removing tokens or credentials from an authentication cache to prevent further user associated account accesses.,,,https://d3fend.mitre.org/technique/d3f:AuthenticationCacheInvalidation/,d3fend
D3-ANET,Authentication Event Thresholding,,"Collecting authentication events, creating a baseline user profile, and determining whether authentication events are consistent with the baseline profile.",Authentication,,https://d3fend.mitre.org/technique/d3f:AuthenticationEventThresholding/,d3fend
D3-APA,Access Policy Administration,,"Access policy administration is the systematic process of defining, implementing, and managing access control policies that dictate user permissions to resources.",Isolate,,https://d3fend.mitre.org/technique/d3f:AccessPolicyAdministration/,d3fend
D3-APCA,Application Protocol Command Analysis,,Analyzing application protocol level remote commands to detect unauthorized activity.,,,https://d3fend.mitre.org/technique/d3f:ApplicationProtocolCommandAnalysis/,d3fend
D3-APLM,Active Physical Link Mapping,,Active physical link mapping sends and receives network traffic as a means to map the physical layer.,,,https://d3fend.mitre.org/technique/d3f:ActivePhysicalLinkMapping/,d3fend
D3-APM,Application Performance Monitoring,,Monitoring the count and duration of the application or program cycle.,,,https://d3fend.mitre.org/technique/d3f:ApplicationPerformanceMonitoring/,d3fend
D3-ARMA,ARMA Model,,"Autoregressive-moving-average (ARMA) models provide a parsimonious description of a (weakly) stationary stochastic process in terms of two polynomials, one for the autoregression (AR) and the second for the moving average (MA).",,,https://d3fend.mitre.org/technique/d3f:ARMA_Model/,d3fend
D3-AVE,Asset Vulnerability Enumeration,,Asset vulnerability enumeration enriches inventory items with knowledge identifying their vulnerabilities.,,,https://d3fend.mitre.org/technique/d3f:AssetVulnerabilityEnumeration/,d3fend
D3-AZET,Authorization Event Thresholding,,"Collecting authorization events, creating a baseline user profile, and determining whether authorization events are consistent with the baseline profile.",Authorization,,https://d3fend.mitre.org/technique/d3f:AuthorizationEventThresholding/,d3fend
D3-BA,Bootloader Authentication,,Cryptographically authenticating the bootloader software before system boot.,,,https://d3fend.mitre.org/technique/d3f:BootloaderAuthentication/,d3fend
D3-BAN,Biometric Authentication,,Using biological measures in order to authenticate a user.,,,https://d3fend.mitre.org/technique/d3f:BiometricAuthentication/,d3fend
D3-BDI,Broadcast Domain Isolation,,Broadcast isolation restricts the number of computers a host can contact on their LAN.,,,https://d3fend.mitre.org/technique/d3f:BroadcastDomainIsolation/,d3fend
D3-BMA,Bus Message Authentication,,Applies cryptographic primitives to individual bus frames to verify the sender's identity and ensure the integrity of the data payload.,,,https://d3fend.mitre.org/technique/d3f:BusMessageAuthentication/,d3fend
D3-BSE,Byte Sequence Emulation,,Analyzing sequences of bytes and determining if they likely represent malicious shellcode.,,,https://d3fend.mitre.org/technique/d3f:ByteSequenceEmulation/,d3fend
D3-CA,Certificate Analysis,,"Analyzing Public Key Infrastructure certificates to detect if they have been misconfigured or spoofed using both network traffic, certificate fields and third-party logs.",CertificateFile,,https://d3fend.mitre.org/technique/d3f:CertificateAnalysis/,d3fend
D3-CAA,Connection Attempt Analysis,,Analyzing failed connections in a network to detect unauthorized activity.,IntranetNetworkTraffic,,https://d3fend.mitre.org/technique/d3f:ConnectionAttemptAnalysis/,d3fend
D3-CBAN,Certificate-based Authentication,,Requiring a digital certificate in order to authenticate a user.,,,https://d3fend.mitre.org/technique/d3f:Certificate-basedAuthentication/,d3fend
D3-CCSA,Credential Compromise Scope Analysis,,Determining which credentials may have been compromised by analyzing the user logon history of a particular system.,Credential,,https://d3fend.mitre.org/technique/d3f:CredentialCompromiseScopeAnalysis/,d3fend
D3-CDP,Change Default Password,,"Changing the default password means replacing the factory-set credentials with a strong, unique password before the device is deployed, preventing unauthorized access.",,,https://d3fend.mitre.org/technique/d3f:ChangeDefaultPassword/,d3fend
D3-CE,Credential Eviction,,Credential Eviction techniques disable or remove compromised credentials from a computer network.,Evict,,https://d3fend.mitre.org/technique/d3f:CredentialEviction/,d3fend
D3-CERO,Certificate Rotation,,"Certificate rotation involves replacing digital certificates and their private keys to maintain cryptographic integrity and trust, mitigating key compromise risks and ensuring continuous secure communications.",,,https://d3fend.mitre.org/technique/d3f:CertificateRotation/,d3fend
D3-CF,Content Filtering,,Content Filtering techniques aid in the process of analyzing an input file for malicious or erroneous content and outputing a sanitized version.,Isolate,,https://d3fend.mitre.org/technique/d3f:ContentFiltering/,d3fend
D3-CFC,Content Format Conversion,,Content format conversion is mechanical transformation from one format to another which may be normalization or specifically flattening.,,,https://d3fend.mitre.org/technique/d3f:ContentFormatConversion/,d3fend
D3-CFI,Control Flow Integrity,,Enforcing legal control flow transfers during application process execution.,,,https://d3fend.mitre.org/technique/d3f:ControlFlowIntegrity/,d3fend
D3-CH,Credential Hardening,,Credential Hardening techniques modify system or network properties in order to protect system or network/domain credentials.,Harden,,https://d3fend.mitre.org/technique/d3f:CredentialHardening/,d3fend
D3-CHN,Connected Honeynet,,"A decoy service, system, or environment, that is connected to the enterprise network, and simulates or emulates certain functionality to the network, without exposing full access to a production system.",,,https://d3fend.mitre.org/technique/d3f:ConnectedHoneynet/,d3fend
D3-CI,Configuration Inventory,,Configuration inventory identifies and records the configuration of software and hardware and their components throughout the organization.,,,https://d3fend.mitre.org/technique/d3f:ConfigurationInventory/,d3fend
D3-CIA,Container Image Analysis,,Analyzing a Container Image with respect to a set of policies.,ContainerImage,,https://d3fend.mitre.org/technique/d3f:ContainerImageAnalysis/,d3fend
D3-CM,Content Modification,,Modify content that does not comply with policy.,,,https://d3fend.mitre.org/technique/d3f:ContentModification/,d3fend
D3-CNE,Content Excision,,"Removing specific, potentially malicious, parts of content",,,https://d3fend.mitre.org/technique/d3f:ContentExcision/,d3fend
D3-CNR,Content Rebuild,,Rebuild the file according to the spec so any unreferenced components or objects are removed.,,,https://d3fend.mitre.org/technique/d3f:ContentRebuild/,d3fend
D3-CNS,Content Substitution,,Modifies specific digital content information by replacing it with something else.,,,https://d3fend.mitre.org/technique/d3f:ContentSubstitution/,d3fend
D3-CP,Certificate Pinning,,Persisting either a server's X.509 certificate or their public key and comparing that to server's presented identity to allow for greater client confidence in the remote server's identity for SSL connections.,,,https://d3fend.mitre.org/technique/d3f:CertificatePinning/,d3fend
D3-CQ,Content Quarantine,,Transfer content that does not comply with policy to a quarantine zone.,,,https://d3fend.mitre.org/technique/d3f:ContentQuarantine/,d3fend
D3-CR,Credential Revocation,,Deleting a set of credentials permanently to prevent them from being used to authenticate.,,,https://d3fend.mitre.org/technique/d3f:CredentialRevocation/,d3fend
D3-CRO,Credential Rotation,,"Credential rotation is a security procedure in which authentication credentials, such as passwords, API keys, or certificates, are regularly changed or replaced to minimize the risk of unauthorized access.",,,https://d3fend.mitre.org/technique/d3f:CredentialRotation/,d3fend
D3-CS,Credential Scrubbing,,The systematic removal of hard-coded credentials from source code to prevent accidental exposure and unauthorized access.,,,https://d3fend.mitre.org/technique/d3f:CredentialScrubbing/,d3fend
D3-CSPP,Client-server Payload Profiling,,Comparing client-server request and response payloads to a baseline profile to identify outliers.,NetworkTraffic,,https://d3fend.mitre.org/technique/d3f:Client-serverPayloadProfiling/,d3fend
D3-CTS,Credential Transmission Scoping,,Limiting the transmission of a credential to a scoped set of relying parties.,,,https://d3fend.mitre.org/technique/d3f:CredentialTransmissionScoping/,d3fend
D3-CV,Content Validation,,Verify and validate contents complies with policy,,,https://d3fend.mitre.org/technique/d3f:ContentValidation/,d3fend
D3-DA,Dynamic Analysis,,"Executing or opening a file in a synthetic ""sandbox"" environment to determine if the file is a malicious program or if the file exploits another program such as a document reader.",DocumentFile|ExecutableFile,,https://d3fend.mitre.org/technique/d3f:DynamicAnalysis/,d3fend
D3-DAM,Domain Account Monitoring,,Monitoring the existence of or changes to Domain User Accounts.,,,https://d3fend.mitre.org/technique/d3f:DomainAccountMonitoring/,d3fend
D3-DCE,Dead Code Elimination,,"Removing unreachable or ""dead code"" from compiled source code.",,,https://d3fend.mitre.org/technique/d3f:DeadCodeElimination/,d3fend
D3-DE,Decoy Environment,,A Decoy Environment comprises hosts and networks for the purposes of deceiving an attacker.,Deceive,,https://d3fend.mitre.org/technique/d3f:DecoyEnvironment/,d3fend
D3-DEM,Data Exchange Mapping,,"Data exchange mapping identifies and models the organization's intended design for the flows of the data types, formats, and volumes between systems at the application layer.",,,https://d3fend.mitre.org/technique/d3f:DataExchangeMapping/,d3fend
D3-DENCR,Disk Encryption,,Encrypting a hard disk partition to prevent cleartext access to a file system.,,,https://d3fend.mitre.org/technique/d3f:DiskEncryption/,d3fend
D3-DF,Decoy File,,A file created for the purposes of deceiving an adversary.,,,https://d3fend.mitre.org/technique/d3f:DecoyFile/,d3fend
D3-DI,Data Inventory,,"Data inventorying identifies and records the schemas, formats, volumes, and locations of data stored and used on the organization's architecture.",,,https://d3fend.mitre.org/technique/d3f:DataInventory/,d3fend
D3-DKE,Disk Erasure,,Disk Erasure is the process of securely deleting all data on a disk to ensure that it cannot be recovered by any means.,,,https://d3fend.mitre.org/technique/d3f:DiskErasure/,d3fend
D3-DKF,Disk Formatting,,"Disk Formatting is the process of preparing a data storage device, such as a hard drive, solid-state drive, or USB flash drive, for initial use.",,,https://d3fend.mitre.org/technique/d3f:DiskFormatting/,d3fend
D3-DKP,Disk Partitioning,,"Disk Partitioning is the process of dividing a disk into multiple distinct sections, known as partitions.",,,https://d3fend.mitre.org/technique/d3f:DiskPartitioning/,d3fend
D3-DLIC,Driver Load Integrity Checking,,Ensuring the integrity of drivers loaded during initialization of the operating system.,,,https://d3fend.mitre.org/technique/d3f:DriverLoadIntegrityChecking/,d3fend
D3-DLV,Domain Logic Validation,,Validation of variable state in the context of the domain application.,,,https://d3fend.mitre.org/technique/d3f:DomainLogicValidation/,d3fend
D3-DNL,Directional Network Link,,Enforce one-way network communication by preventing two-way communication.,,,https://d3fend.mitre.org/technique/d3f:DirectionalNetworkLink/,d3fend
D3-DNR,Decoy Network Resource,,Deploying a network resource for the purposes of deceiving an adversary.,,,https://d3fend.mitre.org/technique/d3f:DecoyNetworkResource/,d3fend
D3-DNRA,Domain Name Reputation Analysis,,Analyzing the reputation of a domain name.,DomainName,,https://d3fend.mitre.org/technique/d3f:DomainNameReputationAnalysis/,d3fend
D3-DNSAL,DNS Allowlisting,,Permitting only approved domains and their subdomains to be resolved.,,,https://d3fend.mitre.org/technique/d3f:DNSAllowlisting/,d3fend
D3-DNSCE,DNS Cache Eviction,,Flushing DNS to clear any IP addresses or other DNS records from the cache.,,,https://d3fend.mitre.org/technique/d3f:DNSCacheEviction/,d3fend
D3-DNSDL,DNS Denylisting,,"Blocking DNS Network Traffic based on criteria such as IP address, domain name, or DNS query type.",,,https://d3fend.mitre.org/technique/d3f:DNSDenylisting/,d3fend
D3-DNSTA,DNS Traffic Analysis,,"Analysis of domain name metadata, including name and DNS records, to determine whether the domain is likely to resolve to an undesirable host.",OutboundInternetDNSLookupTraffic,,https://d3fend.mitre.org/technique/d3f:DNSTrafficAnalysis/,d3fend
D3-DO,Decoy Object,,A Decoy Object is created and deployed for the purposes of deceiving attackers.,Deceive,,https://d3fend.mitre.org/technique/d3f:DecoyObject/,d3fend
D3-DP,Decoy Persona,,"Establishing a fake online identity to misdirect, deceive, and or interact with adversaries.",,,https://d3fend.mitre.org/technique/d3f:DecoyPersona/,d3fend
D3-DPLM,Direct Physical Link Mapping,,Direct physical link mapping creates a physical link map by direct observation and recording of the physical network links.,,,https://d3fend.mitre.org/technique/d3f:DirectPhysicalLinkMapping/,d3fend
D3-DPR,Decoy Public Release,,Issuing publicly released media to deceive adversaries.,,,https://d3fend.mitre.org/technique/d3f:DecoyPublicRelease/,d3fend
D3-DQSA,Database Query String Analysis,,Analyzing database queries to detect [SQL Injection](https://capec.mitre.org/data/definitions/66.html).,DatabaseQuery,,https://d3fend.mitre.org/technique/d3f:DatabaseQueryStringAnalysis/,d3fend
D3-DRA,Disable Remote Access,,Limiting access to a computing device which is not required through or from a non-organization-controlled network.,,,https://d3fend.mitre.org/technique/d3f:DisableRemoteAccess/,d3fend
D3-DRT,Domain Registration Takedown,,The process of performing a takedown of the attacker's domain registration infrastructure.,,,https://d3fend.mitre.org/technique/d3f:DomainRegistrationTakedown/,d3fend
D3-DST,Decoy Session Token,,An authentication token created for the purposes of deceiving an adversary.,,,https://d3fend.mitre.org/technique/d3f:DecoySessionToken/,d3fend
D3-DTP,Domain Trust Policy,,Restricting inter-domain trust by modifying domain configuration.,,,https://d3fend.mitre.org/technique/d3f:DomainTrustPolicy/,d3fend
D3-DUC,Decoy User Credential,,A Credential created for the purpose of deceiving an adversary.,,,https://d3fend.mitre.org/technique/d3f:DecoyUserCredential/,d3fend
D3-EAL,Executable Allowlisting,,Using a digital signature to authenticate a file before opening.,,,https://d3fend.mitre.org/technique/d3f:ExecutableAllowlisting/,d3fend
D3-EBWSAM,Endpoint-based Web Server Access Mediation,,Endpoint-based web server access mediation regulates web server access directly from user endpoints by implementing mechanisms such as client-side certificates and endpoint security software to authenticate devices and ensure compliant access.,,,https://d3fend.mitre.org/technique/d3f:Endpoint-basedWebServerAccessMediation/,d3fend
D3-EDL,Executable Denylisting,,Blocking the execution of files on a host in accordance with defined application policy rules.,,,https://d3fend.mitre.org/technique/d3f:ExecutableDenylisting/,d3fend
D3-EF,Email Filtering,,Filtering incoming email traffic based on specific criteria.,,,https://d3fend.mitre.org/technique/d3f:EmailFiltering/,d3fend
D3-EFA,Emulated File Analysis,,Emulating instructions in a file looking for specific patterns.,DocumentFile|ExecutableFile,,https://d3fend.mitre.org/technique/d3f:EmulatedFileAnalysis/,d3fend
D3-EHB,Endpoint Health Beacon,,"Monitoring the security status of an endpoint by sending periodic messages with health status, where absence of a response may indicate that the endpoint has been compromised.",,,https://d3fend.mitre.org/technique/d3f:EndpointHealthBeacon/,d3fend
D3-EHPV,Exception Handler Pointer Validation,,Validates that a referenced exception handler pointer is a valid exception handler.,,,https://d3fend.mitre.org/technique/d3f:ExceptionHandlerPointerValidation/,d3fend
D3-EI,Execution Isolation,,"Execution Isolation techniques prevent application processes from accessing non-essential system resources, such as memory, devices, or files.",Isolate,,https://d3fend.mitre.org/technique/d3f:ExecutionIsolation/,d3fend
D3-ELM,Electronic Lock Monitoring,,"Monitoring electronic lock and door hardware states and access events (e.g., locked/unlocked, access granted/denied, door forced/held, tamper) to detect and respond to unauthorized entry.",,,https://d3fend.mitre.org/technique/d3f:ElectronicLockMonitoring/,d3fend
D3-EMH,Electromagnetic Radiation Hardening,,"The application of physical and material-level design measures to electronic systems, components, or facilities to reduce their susceptibility to damage or disruption from electromagnetic threats.",,,https://d3fend.mitre.org/technique/d3f:ElectromagneticRadiationHardening/,d3fend
D3-EPL,Physical Locking,,"Employ a mechanical locking device for securing moveable portions of physical barriers (e.g., doors, gates, drawers) in a secured position.",,,https://d3fend.mitre.org/technique/d3f:PhysicalLocking/,d3fend
D3-ER,Email Removal,,The email removal technique deletes email files from system storage.,,,https://d3fend.mitre.org/technique/d3f:EmailRemoval/,d3fend
D3-ET,Encrypted Tunnels,,Encrypted encapsulation of routable network traffic.,,,https://d3fend.mitre.org/technique/d3f:EncryptedTunnels/,d3fend
D3-FA,File Analysis,,"File Analysis is an analytic process to determine a file's status. For example: virus, trojan, benign, malicious, trusted, unauthorized, sensitive, etc.",Detect,,https://d3fend.mitre.org/technique/d3f:FileAnalysis/,d3fend
D3-FAPA,File Access Pattern Analysis,,Analyzing the files accessed by a process to identify unauthorized activity.,LocalResourceAccess,,https://d3fend.mitre.org/technique/d3f:FileAccessPatternAnalysis/,d3fend
D3-FBA,Firmware Behavior Analysis,,Analyzing the behavior of embedded code in firmware and looking for anomalous behavior and suspicious activity.,Firmware,,https://d3fend.mitre.org/technique/d3f:FirmwareBehaviorAnalysis/,d3fend
D3-FC,File Carving,,Identifying and extracting files from network application protocols through the use of network stream reassembly software.,FileTransferNetworkTraffic,,https://d3fend.mitre.org/technique/d3f:FileCarving/,d3fend
D3-FCA,File Creation Analysis,,Analyzing the properties of file create system call invocations.,CreateFile,,https://d3fend.mitre.org/technique/d3f:FileCreationAnalysis/,d3fend
D3-FCDC,File Content Decompression Checking,,Checking if compressed or encoded data sections can be successfully decompressed or decoded. Can follow with further analysis with semantic knowledge,FileContentBlockData,,https://d3fend.mitre.org/technique/d3f:FileContentDecompressionChecking/,d3fend
D3-FCOA,File Content Analysis,,Employing a pattern matching algorithm to statically analyze the content of files.,,,https://d3fend.mitre.org/technique/d3f:FileContentAnalysis/,d3fend
D3-FCR,File Content Rules,,Employing a pattern matching rule language to analyze the content of files.,,,https://d3fend.mitre.org/technique/d3f:FileContentRules/,d3fend
D3-FE,File Encryption,,Encrypting a file using a cryptographic key.,,,https://d3fend.mitre.org/technique/d3f:FileEncryption/,d3fend
D3-FEMC,Firmware Embedded Monitoring Code,,Monitoring code is injected into firmware for integrity monitoring of firmware and firmware data.,Firmware,,https://d3fend.mitre.org/technique/d3f:FirmwareEmbeddedMonitoringCode/,d3fend
D3-FEV,File Eviction,,File eviction techniques delete files from system storage.,,,https://d3fend.mitre.org/technique/d3f:FileEviction/,d3fend
D3-FFV,File Format Verification,,Verifying that a file conforms to its expected format specifications,FileSection,,https://d3fend.mitre.org/technique/d3f:FileFormatVerification/,d3fend
D3-FH,File Hashing,,Employing file hash comparisons to detect known malware.,,,https://d3fend.mitre.org/technique/d3f:FileHashing/,d3fend
D3-FHRA,File Hash Reputation Analysis,,Analyzing the reputation of a file hash.,FileHash,,https://d3fend.mitre.org/technique/d3f:FileHashReputationAnalysis/,d3fend
D3-FIM,File Integrity Monitoring,,Detecting any suspicious changes to files in a computer system.,File,,https://d3fend.mitre.org/technique/d3f:FileIntegrityMonitoring/,d3fend
D3-FISV,File Internal Structure Verification,,"The process of checking specific static values within a file, such as file signatures or magic numbers, to ensure they match the expected values defined by the file format specification.",FileContentBlock,,https://d3fend.mitre.org/technique/d3f:FileInternalStructureVerification/,d3fend
D3-FMBV,File Magic Byte Verification,,Utilizing the magic number to verify the file,FileMagicBytes,,https://d3fend.mitre.org/technique/d3f:FileMagicByteVerification/,d3fend
D3-FMCV,File Metadata Consistency Validation,,"The process of validating the consistency between a file's metadata and its actual content, ensuring that elements like declared lengths, pointers, and checksums accurately describe the file's content.",FileContentBlockData|FileMetadata,,https://d3fend.mitre.org/technique/d3f:FileMetadataConsistencyValidation/,d3fend
D3-FMVV,File Metadata Value Verification,,"The process of checking specific static values within a file, such as file signatures or magic numbers, to ensure they match the expected values defined by the file format specification.",FileFooterBlock|FileHeaderBlock,,https://d3fend.mitre.org/technique/d3f:FileMetadataValueVerification/,d3fend
D3-FRDDL,Forward Resolution Domain Denylisting,,Blocking a lookup based on the query's domain name value.,,,https://d3fend.mitre.org/technique/d3f:ForwardResolutionDomainDenylisting/,d3fend
D3-FRIDL,Forward Resolution IP Denylisting,,Blocking a DNS lookup's answer's IP address value.,,,https://d3fend.mitre.org/technique/d3f:ForwardResolutionIPDenylisting/,d3fend
D3-FV,Firmware Verification,,Cryptographically verifying firmware integrity.,,,https://d3fend.mitre.org/technique/d3f:FirmwareVerification/,d3fend
D3-HBPI,Hardware-based Process Isolation,,Preventing one process from writing to the memory space of another process through hardware based address manager implementations.,,,https://d3fend.mitre.org/technique/d3f:Hardware-basedProcessIsolation/,d3fend
D3-HBWP,Hardware-based Write Protection,,Physical methods of preventing data from being written to computer storage.,,,https://d3fend.mitre.org/technique/d3f:Hardware-basedWriteProtection/,d3fend
D3-HCI,Hardware Component Inventory,,Hardware component inventorying identifies and records the hardware items in the organization's architecture.,,,https://d3fend.mitre.org/technique/d3f:HardwareComponentInventory/,d3fend
D3-HD,Homoglyph Detection,,Comparing strings using a variety of techniques to determine if a deceptive or malicious string is being presented to a user.,Email|URL,,https://d3fend.mitre.org/technique/d3f:HomoglyphDetection/,d3fend
D3-HDDL,Hierarchical Domain Denylisting,,Blocking the resolution of any subdomain of a specified domain name.,,,https://d3fend.mitre.org/technique/d3f:HierarchicalDomainDenylisting/,d3fend
D3-HDL,Homoglyph Denylisting,,Blocking DNS queries that are deceptively similar to legitimate domain names.,,,https://d3fend.mitre.org/technique/d3f:HomoglyphDenylisting/,d3fend
D3-HR,Host Reboot,,Initiating a host's reboot sequence to terminate all running processes.,,,https://d3fend.mitre.org/technique/d3f:HostReboot/,d3fend
D3-HS,Host Shutdown,,Initiating a host's shutdown sequence to terminate all running processes.,,,https://d3fend.mitre.org/technique/d3f:HostShutdown/,d3fend
D3-IAA,Identifier Activity Analysis,,Taking known malicious identifiers and determining if they are present in a system.,Identifier,,https://d3fend.mitre.org/technique/d3f:IdentifierActivityAnalysis/,d3fend
D3-IBCA,Indirect Branch Call Analysis,,Analyzing vendor specific branch call recording in order to detect ROP style attacks.,,,https://d3fend.mitre.org/technique/d3f:IndirectBranchCallAnalysis/,d3fend
D3-ID,Identifier Analysis,,"Analyzing identifier artifacts such as IP address, domain names, or URL(I)s.",Detect,,https://d3fend.mitre.org/technique/d3f:IdentifierAnalysis/,d3fend
D3-IDA,Input Device Analysis,,Operating system level mechanisms to prevent abusive input device exploitation.,InputDevice,,https://d3fend.mitre.org/technique/d3f:InputDeviceAnalysis/,d3fend
D3-IHN,Integrated Honeynet,,The practice of setting decoys in a production environment to entice interaction from attackers.,,,https://d3fend.mitre.org/technique/d3f:IntegratedHoneynet/,d3fend
D3-IOPR,IO Port Restriction,,Limiting access to computer input/output (IO) ports to restrict unauthorized devices.,,,https://d3fend.mitre.org/technique/d3f:IOPortRestriction/,d3fend
D3-IPCTA,IPC Traffic Analysis,,Analyzing standard inter process communication (IPC) protocols to detect deviations from normal protocol activity.,IntranetIPCNetworkTraffic,,https://d3fend.mitre.org/technique/d3f:IPCTrafficAnalysis/,d3fend
D3-IPRA,IP Reputation Analysis,,Analyzing the reputation of an IP address.,IPAddress,,https://d3fend.mitre.org/technique/d3f:IPReputationAnalysis/,d3fend
D3-IRA,Identifier Reputation Analysis,,Analyzing the reputation of an identifier.,,,https://d3fend.mitre.org/technique/d3f:IdentifierReputationAnalysis/,d3fend
D3-IRV,Integer Range Validation,,Ensuring that an integer is within a valid range.,,,https://d3fend.mitre.org/technique/d3f:IntegerRangeValidation/,d3fend
D3-ISVA,Inbound Session Volume Analysis,,Analyzing inbound network session or connection attempt volume.,InboundInternetNetworkTraffic,,https://d3fend.mitre.org/technique/d3f:InboundSessionVolumeAnalysis/,d3fend
D3-ITF,Inbound Traffic Filtering,,Restricting network traffic originating from untrusted networks destined towards a private host or enclave.,,,https://d3fend.mitre.org/technique/d3f:InboundTrafficFiltering/,d3fend
D3-JFAPA,Job Function Access Pattern Analysis,,"Detecting anomalies in user access patterns by comparing user access activity to behavioral profiles that categorize users by role such as job title, function, department.",Authorization,,https://d3fend.mitre.org/technique/d3f:JobFunctionAccessPatternAnalysis/,d3fend
D3-KBPI,Kernel-based Process Isolation,,e.g. KVM,,,https://d3fend.mitre.org/technique/d3f:Kernel-basedProcessIsolation/,d3fend
D3-LAM,Local Account Monitoring,,Analyzing local user accounts to detect unauthorized activity.,LocalUserAccount,,https://d3fend.mitre.org/technique/d3f:LocalAccountMonitoring/,d3fend
D3-LAMED,LAN Access Mediation,,Layer 2 Enforcement,,,https://d3fend.mitre.org/technique/d3f:LANAccessMediation/,d3fend
D3-LFAM,Local File Access Mediation,,Replaces d3-LFP,,,https://d3fend.mitre.org/technique/d3f:LocalFileAccessMediation/,d3fend
D3-LFP,Local File Permissions,,"Local file permissions is the systematic process of defining, implementing, and managing access control policies that dictate user permissions for accessing files on a local system through the configuration of operating system functionality.",,,https://d3fend.mitre.org/technique/d3f:LocalFilePermissions/,d3fend
D3-LLM,Logical Link Mapping,,Logical link mapping creates a model of existing or previous node-to-node connections using network-layer data or metadata.,,,https://d3fend.mitre.org/technique/d3f:LogicalLinkMapping/,d3fend
D3-MA,Message Analysis,,Analyzing email or instant message content to detect unauthorized activity.,Detect,,https://d3fend.mitre.org/technique/d3f:MessageAnalysis/,d3fend
D3-MAN,Message Authentication,,Authenticating the sender of a message and ensuring message integrity.,,,https://d3fend.mitre.org/technique/d3f:MessageAuthentication/,d3fend
D3-MBSV,Memory Block Start Validation,,Ensuring that a pointer accurately references the beginning of a designated memory block.,,,https://d3fend.mitre.org/technique/d3f:MemoryBlockStartValidation/,d3fend
D3-MBT,Memory Boundary Tracking,,Analyzing a call stack for return addresses which point to unexpected  memory locations.,ProcessCodeSegment,,https://d3fend.mitre.org/technique/d3f:MemoryBoundaryTracking/,d3fend
D3-MENCR,Message Encryption,,Encrypting a message body using a cryptographic key.,,,https://d3fend.mitre.org/technique/d3f:MessageEncryption/,d3fend
D3-MFA,Multi-factor Authentication,,Requiring proof of two or more pieces of evidence in order to authenticate a user.,,,https://d3fend.mitre.org/technique/d3f:Multi-factorAuthentication/,d3fend
D3-MH,Message Hardening,,"The application of security controls to user-to-user and system-to-system communications so messages remain confidential, unaltered, and verifiable while resisting injection, replay, and tampering.",Harden,,https://d3fend.mitre.org/technique/d3f:MessageHardening/,d3fend
D3-MSM,Motion Sensor Monitoring,,"Monitoring events from motion detectors (e.g., passive IR, microwave, dual-technology) to detect presence or movement within protected areas.",,,https://d3fend.mitre.org/technique/d3f:MotionSensorMonitoring/,d3fend
D3-NAM,Network Access Mediation,,"Network access mediation is the control method for authorizing access to a system by a user (or a process acting on behalf of a user) communicating through a network, including a local area network, a wide area network, and the Internet.",,,https://d3fend.mitre.org/technique/d3f:NetworkAccessMediation/,d3fend
D3-NI,Network Isolation,,Network Isolation techniques prevent network hosts from accessing non-essential system network resources.,Isolate,,https://d3fend.mitre.org/technique/d3f:NetworkIsolation/,d3fend
D3-NM,Network Mapping,,"Network mapping encompasses the techniques to identify and model the physical layer, network layer, and data exchange layers of the organization's network and their physical location, and determine allowed pathways through that network.",Model,,https://d3fend.mitre.org/technique/d3f:NetworkMapping/,d3fend
D3-NNI,Network Node Inventory,,"Network node inventorying identifies and records all the network nodes (hosts, routers, switches, firewalls, etc.) in the organization's architecture.",,,https://d3fend.mitre.org/technique/d3f:NetworkNodeInventory/,d3fend
D3-NPC,Null Pointer Checking,,Checking if a pointer is NULL.,,,https://d3fend.mitre.org/technique/d3f:NullPointerChecking/,d3fend
D3-NRAM,Network Resource Access Mediation,,Control of access to organizational systems and services by users or processes over a network.,,,https://d3fend.mitre.org/technique/d3f:NetworkResourceAccessMediation/,d3fend
D3-NTA,Network Traffic Analysis,,Analyzing intercepted or summarized computer network traffic to detect unauthorized activity.,Detect,,https://d3fend.mitre.org/technique/d3f:NetworkTrafficAnalysis/,d3fend
D3-NTCD,Network Traffic Community Deviation,,Establishing baseline communities of network hosts and identifying statistically divergent inter-community communication.,NetworkTraffic,,https://d3fend.mitre.org/technique/d3f:NetworkTrafficCommunityDeviation/,d3fend
D3-NTF,Network Traffic Filtering,,Restricting network traffic originating from any location.,,,https://d3fend.mitre.org/technique/d3f:NetworkTrafficFiltering/,d3fend
D3-NTPM,Network Traffic Policy Mapping,,"Network traffic policy mapping identifies and models the allowed pathways of data at the network, transport, and/or application levels.",,,https://d3fend.mitre.org/technique/d3f:NetworkTrafficPolicyMapping/,d3fend
D3-NTSA,Network Traffic Signature Analysis,,Analyzing network traffic and compares it to known signatures,NetworkTraffic,,https://d3fend.mitre.org/technique/d3f:NetworkTrafficSignatureAnalysis/,d3fend
D3-NVA,Network Vulnerability Assessment,,"Network vulnerability assessment relates all the vulnerabilities of a network's components in the context of their configuration and interdependencies and can also include assessing risk emerging from the network's design as a whole, not just the sum of individual network node or network segment vulnerabilities.",,,https://d3fend.mitre.org/technique/d3f:NetworkVulnerabilityAssessment/,d3fend
D3-OAM,Operational Activity Mapping,,"Operational activity mapping identifies activities of the organization and the organization's suborganizations, groups, roles, and individuals that carry out the activities and then establishes the dependencies of the activities on the systems and people that perform those activities.",Model,,https://d3fend.mitre.org/technique/d3f:OperationalActivityMapping/,d3fend
D3-ODM,Operational Dependency Mapping,,"Operational dependency mapping identifies and models the dependencies of the organization's activities on each other and on the organization's performers (people, systems, and services.)  This may include modeling the higher- and lower-level activities of an organization forming a hierarchy, or layering, of the dependencies in an organization's activities.",,,https://d3fend.mitre.org/technique/d3f:OperationalDependencyMapping/,d3fend
D3-OE,Object Eviction,,Terminate or remove an object from a host machine. This is the broadest class for object eviction.,Evict,,https://d3fend.mitre.org/technique/d3f:ObjectEviction/,d3fend
D3-OLV,Operational Logic Validation,,Validation of variable state in the context of the control logic of the operational application.,,,https://d3fend.mitre.org/technique/d3f:OperationalLogicValidation/,d3fend
D3-OM,Organization Mapping,,"Organization mapping identifies and models the people, roles, and groups with an organization and the relations between them.",,,https://d3fend.mitre.org/technique/d3f:OrganizationMapping/,d3fend
D3-OMM,Operating Mode Monitoring,,"Detects operating modes such as Program, Run, Remote, or Stop.",,,https://d3fend.mitre.org/technique/d3f:OperatingModeMonitoring/,d3fend
D3-OPM,Operational Process Monitoring,,Monitoring physical parameters and operator actions related to an operational environment.,,,https://d3fend.mitre.org/technique/d3f:OperationalProcessMonitoring/,d3fend
D3-OPR,Operating Mode Restriction,,Restricting unauthorized changes to the operating mode prevents devices from switching into inappropriate or vulnerable states during normal use.,,,https://d3fend.mitre.org/technique/d3f:OperatingModeRestriction/,d3fend
D3-ORA,Operational Risk Assessment,,"Operational risk assessment identifies and models the vulnerabilities of, and risks to, an organization's activities individually and as a whole.",,,https://d3fend.mitre.org/technique/d3f:OperationalRiskAssessment/,d3fend
D3-OSM,Operating System Monitoring,,"The operating system software, for D3FEND's purposes, includes the kernel and its process management functions, hardware drivers, initialization or boot logic. It also includes and other key system daemons and their configuration. The monitoring or analysis of these components for unauthorized activity constitute **Operating System Monitoring**.",Detect,,https://d3fend.mitre.org/technique/d3f:OperatingSystemMonitoring/,d3fend
D3-OTF,Outbound Traffic Filtering,,Restricting network traffic originating from a private host or enclave destined towards untrusted networks.,,,https://d3fend.mitre.org/technique/d3f:OutboundTrafficFiltering/,d3fend
D3-OTP,One-time Password,,A one-time password is valid for only one user authentication.,,,https://d3fend.mitre.org/technique/d3f:One-timePassword/,d3fend
D3-OVAR,OT Variable Access Restriction,,Assign read/write access controls on designated registers or data tags to prevent unauthorized writes.,Isolate,,https://d3fend.mitre.org/technique/d3f:OTVariableAccessRestriction/,d3fend
D3-PA,Process Analysis,,"Process Analysis consists of observing a running application process and analyzing it to watch for certain behaviors or conditions which may indicate adversary activity. Analysis can occur inside of the process or through a third-party monitoring application. Examples include monitoring system and privileged calls, monitoring process initiation chains, and memory boundary allocations.",Detect,,https://d3fend.mitre.org/technique/d3f:ProcessAnalysis/,d3fend
D3-PAM,Physical Access Mediation,,"Physical access mediation is the process of granting or denying specific requests to enter specific physical facilities (e.g., Federal buildings, military establishments, border crossing entrances.)",,,https://d3fend.mitre.org/technique/d3f:PhysicalAccessMediation/,d3fend
D3-PAN,Pointer Authentication,,Comparing the cryptographic hash or derivative of a pointer's value to an expected value.,,,https://d3fend.mitre.org/technique/d3f:PointerAuthentication/,d3fend
D3-PBWSAM,Proxy-based Web Server Access Mediation,,Proxy-based web server access mediation focuses on the regulation of web server access through intermediary proxy servers.,,,https://d3fend.mitre.org/technique/d3f:Proxy-basedWebServerAccessMediation/,d3fend
D3-PCA,Passive Certificate Analysis,,Collecting host certificates from network traffic or other passive sources like a certificate transparency log and analyzing them for unauthorized activity.,,,https://d3fend.mitre.org/technique/d3f:PassiveCertificateAnalysis/,d3fend
D3-PCSV,Process Code Segment Verification,,"Comparing the ""text"" or ""code"" memory segments to a source of truth.",,,https://d3fend.mitre.org/technique/d3f:ProcessCodeSegmentVerification/,d3fend
D3-PE,Process Eviction,,Process eviction techniques terminate or remove running process.,Evict,,https://d3fend.mitre.org/technique/d3f:ProcessEviction/,d3fend
D3-PEH,Physical Enclosure Hardening,,Physical changes to a computer enclosure which reduce the ability for agents or the environment to affect the contained computer system.,,,https://d3fend.mitre.org/technique/d3f:PhysicalEnclosureHardening/,d3fend
D3-PFV,Peripheral Firmware Verification,,Cryptographically verifying peripheral firmware integrity.,,,https://d3fend.mitre.org/technique/d3f:PeripheralFirmwareVerification/,d3fend
D3-PH,Platform Hardening,,Hardening components of a Platform with the intention of making them more difficult to exploit.  Platforms includes components such as: * BIOS UEFI Subsystems * Hardware security devices such as Trusted Platform Modules * Boot process logic or code * Kernel software components,Harden,,https://d3fend.mitre.org/technique/d3f:PlatformHardening/,d3fend
D3-PHAM,Physical Access Monitoring,,"Monitoring the physical access of a specified environment through detection, recording, reviewing, and logging of who/what enters and exists areas.",Detect,,https://d3fend.mitre.org/technique/d3f:PhysicalAccessMonitoring/,d3fend
D3-PHDURA,Per Host Download-Upload Ratio Analysis,,Detecting anomalies that indicate malicious activity by comparing the amount of data downloaded versus data uploaded by a host.,NetworkTraffic,,https://d3fend.mitre.org/technique/d3f:PerHostDownload-UploadRatioAnalysis/,d3fend
D3-PLA,Process Lineage Analysis,,"Identification of suspicious processes executing on an end-point device by examining the ancestry and siblings of a process, and the associated metadata of each node on the tree, such as process execution, duration, and order relative to siblings and ancestors.",Process|ProcessTree,,https://d3fend.mitre.org/technique/d3f:ProcessLineageAnalysis/,d3fend
D3-PLLM,Passive Logical Link Mapping,,"Passive logical link mapping only listens to network traffic as a means to map the the whole data link layer, where the links represent logical data flows rather than physical connections.",,,https://d3fend.mitre.org/technique/d3f:PassiveLogicalLinkMapping/,d3fend
D3-PLM,Physical Link Mapping,,Physical link mapping identifies and models the link connectivity of the network devices within a physical network.,,,https://d3fend.mitre.org/technique/d3f:PhysicalLinkMapping/,d3fend
D3-PM,Platform Monitoring,,"Monitoring platform components such as operating systems software, hardware devices, or firmware.",Detect,,https://d3fend.mitre.org/technique/d3f:PlatformMonitoring/,d3fend
D3-PMAD,Protocol Metadata Anomaly Detection,,Collecting network communication protocol metadata and identifying statistical outliers.,NetworkTraffic,,https://d3fend.mitre.org/technique/d3f:ProtocolMetadataAnomalyDetection/,d3fend
D3-PR,Password Rotation,,Password rotation is a security policy that mandates the periodic change of user account passwords to mitigate the risk of unauthorized access due to compromised credentials.,,,https://d3fend.mitre.org/technique/d3f:PasswordRotation/,d3fend
D3-PS,Process Suspension,,Suspending a running process on a computer system.,,,https://d3fend.mitre.org/technique/d3f:ProcessSuspension/,d3fend
D3-PSA,Process Spawn Analysis,,Analyzing spawn arguments or attributes of a process to detect processes that are unauthorized.,CreateProcess|Process,,https://d3fend.mitre.org/technique/d3f:ProcessSpawnAnalysis/,d3fend
D3-PSEP,Process Segment Execution Prevention,,Preventing execution of any address in a memory region other than the code segment.,,,https://d3fend.mitre.org/technique/d3f:ProcessSegmentExecutionPrevention/,d3fend
D3-PSM,Proximity Sensor Monitoring,,"Monitoring events from proximity sensors that indicate a credential or tagged asset is within the sensor’s read range or a defined zone. Common enabling technologies include RFID, Bluetooth Low Energy (BLE), and Ultra-Wideband (UWB).",,,https://d3fend.mitre.org/technique/d3f:ProximitySensorMonitoring/,d3fend
D3-PSMD,Process Self-Modification Detection,,"Detects processes that modify, change, or replace their own code at runtime.",Process,,https://d3fend.mitre.org/technique/d3f:ProcessSelf-ModificationDetection/,d3fend
D3-PT,Process Termination,,Terminating a running application process on a computer system.,,,https://d3fend.mitre.org/technique/d3f:ProcessTermination/,d3fend
D3-PUM,Platform Uptime Monitoring,,Monitor the amount of time since the last power cycle or restart.,,,https://d3fend.mitre.org/technique/d3f:PlatformUptimeMonitoring/,d3fend
D3-PV,Pointer Validation,,Ensuring that a pointer variable has the required properties for use.,,,https://d3fend.mitre.org/technique/d3f:PointerValidation/,d3fend
D3-PWA,Password Authentication,,"Password authentication is a security mechanism used to verify the identity of a user or entity attempting to access a system or resource by requiring the input of a secret string of characters, known as a password, that is associated with the user or entity.",,,https://d3fend.mitre.org/technique/d3f:PasswordAuthentication/,d3fend
D3-RA,Restore Access,,Restoring an entity's access to resources.,Restore,,https://d3fend.mitre.org/technique/d3f:RestoreAccess/,d3fend
D3-RAM,Routing Access Mediation,,"Routing access mediation is a network security approach that manages and controls access at the network layer using VPNs, tunneling protocols, firewall rules, and traffic inspection to ensure secure and efficient data routing.",,,https://d3fend.mitre.org/technique/d3f:RoutingAccessMediation/,d3fend
D3-RAPA,Resource Access Pattern Analysis,,Analyzing the resources accessed by a user to identify unauthorized activity.,Authentication|Authorization,,https://d3fend.mitre.org/technique/d3f:ResourceAccessPatternAnalysis/,d3fend
D3-RC,Restore Configuration,,Restoring an software configuration.,,,https://d3fend.mitre.org/technique/d3f:RestoreConfiguration/,d3fend
D3-RD,Restore Database,,Restoring the data in a database.,,,https://d3fend.mitre.org/technique/d3f:RestoreDatabase/,d3fend
D3-RDI,Restore Disk Image,,Restoring a previously captured disk image a hard drive.,,,https://d3fend.mitre.org/technique/d3f:RestoreDiskImage/,d3fend
D3-RE,Restore Email,,Restoring an email for an entity to access.,,,https://d3fend.mitre.org/technique/d3f:RestoreEmail/,d3fend
D3-RF,Restore File,,Restoring a file for an entity to access.,,,https://d3fend.mitre.org/technique/d3f:RestoreFile/,d3fend
D3-RFAM,Remote File Access Mediation,,Remote file access mediation is the process of managing and securing access to file systems over a network to ensure that only authorized users or processes can interact with remote files.,,,https://d3fend.mitre.org/technique/d3f:RemoteFileAccessMediation/,d3fend
D3-RFS,RF Shielding,,Adding physical barriers to a platform to prevent undesired radio interference.,,,https://d3fend.mitre.org/technique/d3f:RFShielding/,d3fend
D3-RFUM,Remote Firmware Update Monitoring,,Monitoring of remote firmware update commands to identify unauthorized software installations.,,,https://d3fend.mitre.org/technique/d3f:RemoteFirmwareUpdateMonitoring/,d3fend
D3-RH,Radiation Hardening,,Radiation hardening is the process of making electronic components and circuits resistant to damage or malfunction caused by high levels of ionizing radiation.,,,https://d3fend.mitre.org/technique/d3f:RadiationHardening/,d3fend
D3-RIC,Reissue Credential,,Issue a new credential to a user which supercedes their old credential.,,,https://d3fend.mitre.org/technique/d3f:ReissueCredential/,d3fend
D3-RKD,Registry Key Deletion,,Delete a registry key.,,,https://d3fend.mitre.org/technique/d3f:RegistryKeyDeletion/,d3fend
D3-RN,Reference Nullification,,"Invalidating all pointers that reference a specific memory block, ensuring that the block cannot be accessed or modified after deallocation.",,,https://d3fend.mitre.org/technique/d3f:ReferenceNullification/,d3fend
D3-RNA,Restore Network Access,,Restoring a entity's access to a computer network.,,,https://d3fend.mitre.org/technique/d3f:RestoreNetworkAccess/,d3fend
D3-RO,Restore Object,,Restoring an object for an entity to access. This is the broadest class for object restoral.,Restore,,https://d3fend.mitre.org/technique/d3f:RestoreObject/,d3fend
D3-RPA,Relay Pattern Analysis,,The detection of an internal host relaying traffic between the internal network and the external network.,OutboundInternetNetworkTraffic,,https://d3fend.mitre.org/technique/d3f:RelayPatternAnalysis/,d3fend
D3-RRID,Reverse Resolution IP Denylisting,,Blocking a reverse lookup based on the query's IP address value.,,,https://d3fend.mitre.org/technique/d3f:ReverseResolutionIPDenylisting/,d3fend
D3-RS,Restore Software,,Restoring software to a host.,,,https://d3fend.mitre.org/technique/d3f:RestoreSoftware/,d3fend
D3-RTA,RPC Traffic Analysis,,Monitoring the activity of remote procedure calls in communication traffic to establish standard protocol operations and potential attacker activities.,RPCNetworkTraffic,,https://d3fend.mitre.org/technique/d3f:RPCTrafficAnalysis/,d3fend
D3-RTSD,Remote Terminal Session Detection,,Detection of an unauthorized remote live terminal console session by examining network traffic to a network host.,NetworkTraffic,,https://d3fend.mitre.org/technique/d3f:RemoteTerminalSessionDetection/,d3fend
D3-RUAA,Restore User Account Access,,Restoring a user account's access to resources.,,,https://d3fend.mitre.org/technique/d3f:RestoreUserAccountAccess/,d3fend
D3-SAOR,Segment Address Offset Randomization,,Randomizing the base (start) address of one or more segments of memory during the initialization of a process.,,,https://d3fend.mitre.org/technique/d3f:SegmentAddressOffsetRandomization/,d3fend
D3-SBV,Service Binary Verification,,Analyzing changes in service binary files by comparing to a source of truth.,,,https://d3fend.mitre.org/technique/d3f:ServiceBinaryVerification/,d3fend
D3-SCA,System Call Analysis,,Analyzing system calls to determine whether a process is exhibiting unauthorized behavior.,SystemCall,,https://d3fend.mitre.org/technique/d3f:SystemCallAnalysis/,d3fend
D3-SCF,System Call Filtering,,Controlling access to local computer system resources with kernel-level capabilities.,,,https://d3fend.mitre.org/technique/d3f:SystemCallFiltering/,d3fend
D3-SCH,Source Code Hardening,,Hardening source code with the intention of making it more difficult to exploit and less error prone.,Harden,,https://d3fend.mitre.org/technique/d3f:SourceCodeHardening/,d3fend
D3-SCP,System Configuration Permissions,,Restricting system configuration modifications to a specific user or group of users.,,,https://d3fend.mitre.org/technique/d3f:SystemConfigurationPermissions/,d3fend
D3-SDA,Session Duration Analysis,,Analyzing the duration of user sessions in order to detect unauthorized  activity.,Authentication|Authorization,,https://d3fend.mitre.org/technique/d3f:SessionDurationAnalysis/,d3fend
D3-SDM,System Daemon Monitoring,,Tracking changes to the state or configuration of critical system level processes.,,,https://d3fend.mitre.org/technique/d3f:SystemDaemonMonitoring/,d3fend
D3-SEA,Script Execution Analysis,,Analyzing the execution of a script to detect unauthorized user activity.,ScriptApplicationProcess,,https://d3fend.mitre.org/technique/d3f:ScriptExecutionAnalysis/,d3fend
D3-SFA,System File Analysis,,"Monitoring system files such as authentication databases, configuration files, system logs, and system executables for modification or tampering.",OperatingSystemFile,,https://d3fend.mitre.org/technique/d3f:SystemFileAnalysis/,d3fend
D3-SFCV,Stack Frame Canary Validation,,Comparing a value stored in a stack frame with a known good value in order to prevent or detect a memory segment overwrite.,,,https://d3fend.mitre.org/technique/d3f:StackFrameCanaryValidation/,d3fend
D3-SFV,System Firmware Verification,,Cryptographically verifying installed system firmware integrity.,,,https://d3fend.mitre.org/technique/d3f:SystemFirmwareVerification/,d3fend
D3-SHN,Standalone Honeynet,,An environment created for the purpose of attracting attackers and eliciting their behaviors that is not connected to any production enterprise systems.,,,https://d3fend.mitre.org/technique/d3f:StandaloneHoneynet/,d3fend
D3-SICA,System Init Config Analysis,,Analysis of any system process startup configuration.,SystemInitConfiguration,,https://d3fend.mitre.org/technique/d3f:SystemInitConfigAnalysis/,d3fend
D3-SJA,Scheduled Job Analysis,,"Analysis of source files, processes, destination files, or destination servers associated with a scheduled job to detect unauthorized use of job scheduling.",JobSchedule,,https://d3fend.mitre.org/technique/d3f:ScheduledJobAnalysis/,d3fend
D3-SMRA,Sender MTA Reputation Analysis,,Characterizing the reputation of mail transfer agents (MTA) to determine the security risk in emails.,Email,,https://d3fend.mitre.org/technique/d3f:SenderMTAReputationAnalysis/,d3fend
D3-SPP,Strong Password Policy,,Modifying system configuration to increase password strength.,,,https://d3fend.mitre.org/technique/d3f:StrongPasswordPolicy/,d3fend
D3-SRA,Sender Reputation Analysis,,Ascertaining sender reputation based on information associated with a message (e.g. email/instant messaging).,Email,,https://d3fend.mitre.org/technique/d3f:SenderReputationAnalysis/,d3fend
D3-SSC,Shadow Stack Comparisons,,Comparing a call stack in system memory with a shadow call stack maintained by the processor to determine unauthorized shellcode activity.,StackFrame,,https://d3fend.mitre.org/technique/d3f:ShadowStackComparisons/,d3fend
D3-ST,Session Termination,,Forcefully end all active sessions associated with compromised accounts or devices.,,,https://d3fend.mitre.org/technique/d3f:SessionTermination/,d3fend
D3-SU,Software Update,,Replacing old software on a computer system component.,,,https://d3fend.mitre.org/technique/d3f:SoftwareUpdate/,d3fend
D3-SVCDM,Service Dependency Mapping,,Service dependency mapping determines the services on which each given service relies.,,,https://d3fend.mitre.org/technique/d3f:ServiceDependencyMapping/,d3fend
D3-SWI,Software Inventory,,Software inventorying identifies and records the software items in the organization's architecture.,,,https://d3fend.mitre.org/technique/d3f:SoftwareInventory/,d3fend
D3-SYSDM,System Dependency Mapping,,System dependency mapping identifies and models the dependencies of system components on each other to carry out their function.,,,https://d3fend.mitre.org/technique/d3f:SystemDependencyMapping/,d3fend
D3-SYSM,System Mapping,,"System mapping encompasses the techniques to identify the organization's systems, how they are configured and decomposed into subsystems and components, how they are dependent on one another, and where they are physically located.",Model,,https://d3fend.mitre.org/technique/d3f:SystemMapping/,d3fend
D3-SYSVA,System Vulnerability Assessment,,"System vulnerability assessment relates all the vulnerabilities of a system's components in the context of their configuration and internal dependencies and can also include assessing risk emerging from the system's design as a whole, not just the sum of individual component vulnerabilities.",,,https://d3fend.mitre.org/technique/d3f:SystemVulnerabilityAssessment/,d3fend
D3-TAAN,Transfer Agent Authentication,,Validating that server components of a messaging infrastructure are authorized to send a particular message.,,,https://d3fend.mitre.org/technique/d3f:TransferAgentAuthentication/,d3fend
D3-TB,Token Binding,,"Token binding is a security mechanism used to enhance the protection of tokens, such as cookies or OAuth tokens, by binding them to a specific connection.",,,https://d3fend.mitre.org/technique/d3f:TokenBinding/,d3fend
D3-TBA,Token-based Authentication,,"Token-based authentication is an authentication protocol where users verify their identity in exchange for a unique access token. Users can then access the website, application, or resource for the life of the token without having to re-enter their credentials.",,,https://d3fend.mitre.org/technique/d3f:Token-basedAuthentication/,d3fend
D3-TBI,TPM Boot Integrity,,Assuring the integrity of a platform by demonstrating that the boot process starts from a trusted combination of hardware and software and continues until the operating system has fully booted and applications are running.  Sometimes called Static Root of Trust Measurement (STRM).,,,https://d3fend.mitre.org/technique/d3f:TPMBootIntegrity/,d3fend
D3-TL,Trusted Library,,"A trusted library is a collection of pre-verified and secure code modules or components that are used within software applications to perform specific functions. These libraries are considered reliable and have been vetted for security vulnerabilities, ensuring they do not introduce risks into the application.",,,https://d3fend.mitre.org/technique/d3f:TrustedLibrary/,d3fend
D3-UA,URL Analysis,,Determining if a URL is benign or malicious by analyzing the URL or its components.,URL,,https://d3fend.mitre.org/technique/d3f:URLAnalysis/,d3fend
D3-UAP,User Account Permissions,,Restricting a user account's access to resources.,,,https://d3fend.mitre.org/technique/d3f:UserAccountPermissions/,d3fend
D3-UBA,User Behavior Analysis,,"User behavior analytics (""UBA"") as defined by Gartner, is a cybersecurity process about detection of insider threats, targeted attacks, and financial fraud. UBA solutions look at patterns of human behavior, and then apply algorithms and statistical analysis to detect meaningful anomalies from those patterns-anomalies that indicate potential threats.' Instead of tracking devices or security events, UBA tracks a system's users. Big data platforms are increasing UBA functionality by allowing them to analyze petabytes worth of data to detect insider threats and advanced persistent threats.",Detect,,https://d3fend.mitre.org/technique/d3f:UserBehaviorAnalysis/,d3fend
D3-UDTA,User Data Transfer Analysis,,Analyzing the amount of data transferred by a user.,ResourceAccess,,https://d3fend.mitre.org/technique/d3f:UserDataTransferAnalysis/,d3fend
D3-UGLPA,User Geolocation Logon Pattern Analysis,,Monitoring geolocation data of user logon attempts and comparing it to a baseline user behavior profile to identify anomalies in logon location.,NetworkTraffic,,https://d3fend.mitre.org/technique/d3f:UserGeolocationLogonPatternAnalysis/,d3fend
D3-ULA,Unlock Account,,Restoring a user account's access to resources by unlocking a locked User Account.,,,https://d3fend.mitre.org/technique/d3f:UnlockAccount/,d3fend
D3-URA,URL Reputation Analysis,,Analyzing the reputation of a URL.,URL,,https://d3fend.mitre.org/technique/d3f:URLReputationAnalysis/,d3fend
D3-USICA,User Session Init Config Analysis,,Analyzing modifications to user session config files such as .bashrc or .bash_profile.,UserInitConfigurationFile,,https://d3fend.mitre.org/technique/d3f:UserSessionInitConfigAnalysis/,d3fend
D3-VI,Variable Initialization,,Setting variables to a known value before use.,,,https://d3fend.mitre.org/technique/d3f:VariableInitialization/,d3fend
D3-VS,Video Surveillance,,"Monitoring of physical areas via camera video feeds to deter, detect, and investigate unauthorized access and related security events.",,,https://d3fend.mitre.org/technique/d3f:VideoSurveillance/,d3fend
D3-VTV,Variable Type Validation,,Ensuring that a variable has the correct type.,,,https://d3fend.mitre.org/technique/d3f:VariableTypeValidation/,d3fend
D3-WSAA,Web Session Activity Analysis,,Monitoring changes in user web session behavior by comparing current web session activity to a baseline behavior profile or a catalog of predetermined malicious behavior.,WebResourceAccess,,https://d3fend.mitre.org/technique/d3f:WebSessionActivityAnalysis/,d3fend
D3-WSAM,Web Session Access Mediation,,"Web session access mediation secures user sessions in web applications by employing robust authentication and integrity validation, along with adaptive threat mitigation techniques, to ensure that access to web resources is authorized and protected from session-related attacks.",,,https://d3fend.mitre.org/technique/d3f:WebSessionAccessMediation/,d3fend
